Data,Regional,Unidade,Realizados,Total,Percentual
2026-09-24,Geo CO,Brasília,58,75,77.33
2026-09-24,Geo CO,Cuiabá,40,44,90.91
2026-09-24,Geo CO,Geo CO,1,2,50.0
2026-09-24,Geo CO,Geo CO DF,0,3,0.0
2026-09-24,Geo CO,Manaus,70,73,95.89
2026-09-24,Geo CO,Rondonópolis,15,15,100.0
2026-09-24,Geo MG,Alfenas,15,15,100.0
2026-09-24,Geo MG,Geo MG,4,8,50.0
2026-09-24,Geo MG,Ipatinga,24,26,92.31
2026-09-24,Geo MG,Minas,56,60,93.33
2026-09-24,Geo MG,Pouso Alegre,29,30,96.67
2026-09-24,Geo MG,Poços de Caldas,13,13,100.0
2026-09-24,Geo MG,Santa Luzia,87,99,87.88
2026-09-24,Geo MG,Sete Lagoas,17,19,89.47
2026-09-24,Geo MG,Uberaba,37,39,94.87
2026-09-24,Geo MG,Uberlândia,27,28,96.43
2026-09-24,Geo MG,Varginha,23,24,95.83
2026-09-24,Geo NE,Bahia,87,96,90.62
2026-09-24,Geo NE,Barreira,0,1,0.0
2026-09-24,Geo NE,Cabo,21,35,60.0
2026-09-24,Geo NE,Camaçari,22,23,95.65
2026-09-24,Geo NE,Campina Grande,22,22,100.0
2026-09-24,Geo NE,Caruarú,19,27,70.37
2026-09-24,Geo NE,Feira de Santana,54,57,94.74
2026-09-24,Geo NE,Geo NE,1,2,50.0
2026-09-24,Geo NE,Guanambi,10,14,71.43
2026-09-24,Geo NE,Ilhéus,27,32,84.38
2026-09-24,Geo NE,Lapa,11,15,73.33
2026-09-24,Geo NE,Maceió,31,37,83.78
2026-09-24,Geo NE,Nordeste,51,76,67.11
2026-09-24,Geo NE,Paraíba,23,33,69.7
2026-09-24,Geo NE,Sergipe,23,28,82.14
2026-09-24,Geo NE,Vitória da Conquista,18,22,81.82
2026-09-24,Geo NO,Belém,45,70,64.29
2026-09-24,Geo NO,Ceará,11,23,47.83
2026-09-24,Geo NO,Fortaleza,66,81,81.48
2026-09-24,Geo NO,Geo NO,1,4,25.0
2026-09-24,Geo NO,Imperatriz,23,26,88.46
2026-09-24,Geo NO,Natal,57,61,93.44
2026-09-24,Geo NO,São Luís,45,51,88.24
2026-09-24,Geo RJ/ES,CD RJ,66,66,100.0
2026-09-24,Geo RJ/ES,Campos dos Goytacazes,51,52,98.08
2026-09-24,Geo RJ/ES,Geo RJ/ES,0,13,0.0
2026-09-24,Geo RJ/ES,Jacarepaguá,43,62,69.35
2026-09-24,Geo RJ/ES,Niterói,55,59,93.22
2026-09-24,Geo RJ/ES,Nova Friburgo,27,27,100.0
2026-09-24,Geo RJ/ES,Nova Iguaçu,19,23,82.61
2026-09-24,Geo RJ/ES,Pavuna,36,38,94.74
2026-09-24,Geo RJ/ES,Petrópolis,25,27,92.59
2026-09-24,Geo RJ/ES,São Cristovão,38,40,95.0
2026-09-24,Geo RJ/ES,Vitória,54,56,96.43
2026-09-24,Geo RJ/ES,Volta Redonda,33,34,97.06
2026-09-24,Geo SP,Agudos,18,19,94.74
2026-09-24,Geo SP,Araraquara,26,27,96.3
2026-09-24,Geo SP,Araçatuba,28,29,96.55
2026-09-24,Geo SP,Barueri,55,58,94.83
2026-09-24,Geo SP,Campinas,67,71,94.37
2026-09-24,Geo SP,Capital,65,65,100.0
2026-09-24,Geo SP,Diadema,68,77,88.31
2026-09-24,Geo SP,Embu,51,52,98.08
2026-09-24,Geo SP,Geo SP,6,8,75.0
2026-09-24,Geo SP,Guarulhos,52,52,100.0
2026-09-24,Geo SP,Jaú,17,18,94.44
2026-09-24,Geo SP,Jundiaí,40,40,100.0
2026-09-24,Geo SP,Mauá,38,40,95.0
2026-09-24,Geo SP,Mogi Mirim,31,36,86.11
2026-09-24,Geo SP,Mooca - Office,50,51,98.04
2026-09-24,Geo SP,Norte,36,36,100.0
2026-09-24,Geo SP,Piracicaba,23,24,95.83
2026-09-24,Geo SP,Praia Grande,46,50,92.0
2026-09-24,Geo SP,Presidente Prudente,28,30,93.33
2026-09-24,Geo SP,Ribeirão Preto,41,42,97.62
2026-09-24,Geo SP,Suzano,40,40,100.0
2026-09-24,Geo SP,São José dos Campos,29,29,100.0
2026-09-24,Geo SP,Taubaté,18,18,100.0
2026-09-24,Geo SP,Votorantim,35,36,97.22
2026-09-24,Geo Sul,Blumenau,17,19,89.47
2026-09-24,Geo Sul,Camboriu,27,29,93.1
2026-09-24,Geo Sul,Cascavel,23,24,95.83
2026-09-24,Geo Sul,Caxias do Sul,14,15,93.33
2026-09-24,Geo Sul,Curitiba,81,88,92.05
2026-09-24,Geo Sul,Florianópolis,35,41,85.37
2026-09-24,Geo Sul,Foz do Iguaçu,20,20,100.0
2026-09-24,Geo Sul,Francisco Beltrão,23,25,92.0
2026-09-24,Geo Sul,Geo PR/SPI,0,5,0.0
2026-09-24,Geo Sul,Geo Sul,0,4,0.0
2026-09-24,Geo Sul,Gravataí,18,22,81.82
2026-09-24,Geo Sul,Joinville,29,31,93.55
2026-09-24,Geo Sul,Londrina,44,49,89.8
2026-09-24,Geo Sul,Paranaguá,16,16,100.0
2026-09-24,Geo Sul,Pelotas,29,30,96.67
2026-09-24,Geo Sul,Porto Alegre,50,57,87.72
2026-09-24,Geo Sul,Santa Cruz do Sul,21,24,87.5
2026-09-24,Geo Sul,Santa Maria,10,16,62.5
2026-09-24,Geo Sul,Sapucaia do Sul,41,43,95.35
2026-09-25,Geo CO,Brasília,57,75,76.0
2026-09-25,Geo CO,Cuiabá,40,44,90.91
2026-09-25,Geo CO,Geo CO,1,2,50.0
2026-09-25,Geo CO,Geo CO DF,0,3,0.0
2026-09-25,Geo CO,Manaus,68,73,93.15
2026-09-25,Geo CO,Rondonópolis,14,15,93.33
2026-09-25,Geo MG,Alfenas,15,15,100.0
2026-09-25,Geo MG,Geo MG,4,8,50.0
2026-09-25,Geo MG,Ipatinga,24,26,92.31
2026-09-25,Geo MG,Minas,57,60,95.0
2026-09-25,Geo MG,Pouso Alegre,29,30,96.67
2026-09-25,Geo MG,Poços de Caldas,13,13,100.0
2026-09-25,Geo MG,Santa Luzia,90,99,90.91
2026-09-25,Geo MG,Sete Lagoas,17,19,89.47
2026-09-25,Geo MG,Uberaba,39,39,100.0
2026-09-25,Geo MG,Uberlândia,27,28,96.43
2026-09-25,Geo MG,Varginha,23,24,95.83
2026-09-25,Geo NE,Bahia,88,96,91.67
2026-09-25,Geo NE,Barreira,0,1,0.0
2026-09-25,Geo NE,Cabo,21,35,60.0
2026-09-25,Geo NE,Camaçari,22,23,95.65
2026-09-25,Geo NE,Campina Grande,22,22,100.0
2026-09-25,Geo NE,Caruarú,19,27,70.37
2026-09-25,Geo NE,Feira de Santana,54,57,94.74
2026-09-25,Geo NE,Geo NE,1,2,50.0
2026-09-25,Geo NE,Guanambi,11,14,78.57
2026-09-25,Geo NE,Ilhéus,26,32,81.25
2026-09-25,Geo NE,Lapa,10,15,66.67
2026-09-25,Geo NE,Maceió,33,37,89.19
2026-09-25,Geo NE,Nordeste,49,76,64.47
2026-09-25,Geo NE,Paraíba,23,33,69.7
2026-09-25,Geo NE,Sergipe,23,28,82.14
2026-09-25,Geo NE,Vitória da Conquista,18,22,81.82
2026-09-25,Geo NO,Belém,45,70,64.29
2026-09-25,Geo NO,Ceará,11,23,47.83
2026-09-25,Geo NO,Fortaleza,67,81,82.72
2026-09-25,Geo NO,Geo NO,1,4,25.0
2026-09-25,Geo NO,Imperatriz,22,26,84.62
2026-09-25,Geo NO,Natal,58,61,95.08
2026-09-25,Geo NO,São Luís,43,51,84.31
2026-09-25,Geo RJ/ES,CD RJ,64,66,96.97
2026-09-25,Geo RJ/ES,Campos dos Goytacazes,51,52,98.08
2026-09-25,Geo RJ/ES,Geo RJ/ES,0,13,0.0
2026-09-25,Geo RJ/ES,Jacarepaguá,43,62,69.35
2026-09-25,Geo RJ/ES,Niterói,55,59,93.22
2026-09-25,Geo RJ/ES,Nova Friburgo,27,27,100.0
2026-09-25,Geo RJ/ES,Nova Iguaçu,19,23,82.61
2026-09-25,Geo RJ/ES,Pavuna,36,38,94.74
2026-09-25,Geo RJ/ES,Petrópolis,25,27,92.59
2026-09-25,Geo RJ/ES,São Cristovão,38,40,95.0
2026-09-25,Geo RJ/ES,Vitória,54,56,96.43
2026-09-25,Geo RJ/ES,Volta Redonda,28,34,82.35
2026-09-25,Geo SP,Agudos,18,19,94.74
2026-09-25,Geo SP,Araraquara,26,27,96.3
2026-09-25,Geo SP,Araçatuba,27,29,93.1
2026-09-25,Geo SP,Barueri,55,58,94.83
2026-09-25,Geo SP,Campinas,68,71,95.77
2026-09-25,Geo SP,Capital,65,65,100.0
2026-09-25,Geo SP,Diadema,70,77,90.91
2026-09-25,Geo SP,Embu,51,52,98.08
2026-09-25,Geo SP,Geo SP,6,8,75.0
2026-09-25,Geo SP,Guarulhos,52,52,100.0
2026-09-25,Geo SP,Jaú,17,18,94.44
2026-09-25,Geo SP,Jundiaí,40,40,100.0
2026-09-25,Geo SP,Mauá,38,40,95.0
2026-09-25,Geo SP,Mogi Mirim,31,36,86.11
2026-09-25,Geo SP,Mooca - Office,50,51,98.04
2026-09-25,Geo SP,Norte,36,36,100.0
2026-09-25,Geo SP,Piracicaba,23,24,95.83
2026-09-25,Geo SP,Praia Grande,46,50,92.0
2026-09-25,Geo SP,Presidente Prudente,28,30,93.33
2026-09-25,Geo SP,Ribeirão Preto,41,42,97.62
2026-09-25,Geo SP,Suzano,40,40,100.0
2026-09-25,Geo SP,São José dos Campos,29,29,100.0
2026-09-25,Geo SP,Taubaté,18,18,100.0
2026-09-25,Geo SP,Votorantim,35,36,97.22
2026-09-25,Geo Sul,Blumenau,17,19,89.47
2026-09-25,Geo Sul,Camboriu,28,29,96.55
2026-09-25,Geo Sul,Cascavel,23,24,95.83
2026-09-25,Geo Sul,Caxias do Sul,14,15,93.33
2026-09-25,Geo Sul,Curitiba,80,88,90.91
2026-09-25,Geo Sul,Florianópolis,36,41,87.8
2026-09-25,Geo Sul,Foz do Iguaçu,20,20,100.0
2026-09-25,Geo Sul,Francisco Beltrão,23,25,92.0
2026-09-25,Geo Sul,Geo PR/SPI,0,5,0.0
2026-09-25,Geo Sul,Geo Sul,0,4,0.0
2026-09-25,Geo Sul,Gravataí,18,22,81.82
2026-09-25,Geo Sul,Joinville,29,31,93.55
2026-09-25,Geo Sul,Londrina,41,49,83.67
2026-09-25,Geo Sul,Paranaguá,16,16,100.0
2026-09-25,Geo Sul,Pelotas,29,30,96.67
2026-09-25,Geo Sul,Porto Alegre,50,57,87.72
2026-09-25,Geo Sul,Santa Cruz do Sul,20,24,83.33
2026-09-25,Geo Sul,Santa Maria,10,16,62.5
2026-09-25,Geo Sul,Sapucaia do Sul,42,43,97.67
2026-09-28,Geo CO,Brasília,47,75,62.67
2026-09-28,Geo CO,Cuiabá,39,44,88.64
2026-09-28,Geo CO,Geo CO,0,2,0.0
2026-09-28,Geo CO,Geo CO DF,0,3,0.0
2026-09-28,Geo CO,Manaus,58,73,79.45
2026-09-28,Geo CO,Rondonópolis,14,15,93.33
2026-09-28,Geo MG,Alfenas,15,15,100.0
2026-09-28,Geo MG,Geo MG,4,8,50.0
2026-09-28,Geo MG,Ipatinga,19,26,73.08
2026-09-28,Geo MG,Minas,57,60,95.0
2026-09-28,Geo MG,Pouso Alegre,29,30,96.67
2026-09-28,Geo MG,Poços de Caldas,13,13,100.0
2026-09-28,Geo MG,Santa Luzia,81,99,81.82
2026-09-28,Geo MG,Sete Lagoas,15,19,78.95
2026-09-28,Geo MG,Uberaba,39,39,100.0
2026-09-28,Geo MG,Uberlândia,27,28,96.43
2026-09-28,Geo MG,Varginha,23,24,95.83
2026-09-28,Geo NE,Bahia,88,96,91.67
2026-09-28,Geo NE,Barreira,0,1,0.0
2026-09-28,Geo NE,Cabo,20,35,57.14
2026-09-28,Geo NE,Camaçari,23,23,100.0
2026-09-28,Geo NE,Campina Grande,22,22,100.0
2026-09-28,Geo NE,Caruarú,17,27,62.96
2026-09-28,Geo NE,Feira de Santana,54,57,94.74
2026-09-28,Geo NE,Geo NE,0,2,0.0
2026-09-28,Geo NE,Guanambi,11,14,78.57
2026-09-28,Geo NE,Ilhéus,25,32,78.12
2026-09-28,Geo NE,Lapa,11,15,73.33
2026-09-28,Geo NE,Maceió,33,37,89.19
2026-09-28,Geo NE,Nordeste,51,76,67.11
2026-09-28,Geo NE,Paraíba,27,33,81.82
2026-09-28,Geo NE,Sergipe,23,28,82.14
2026-09-28,Geo NE,Vitória da Conquista,18,22,81.82
2026-09-28,Geo NO,Belém,48,70,68.57
2026-09-28,Geo NO,Ceará,12,23,52.17
2026-09-28,Geo NO,Fortaleza,69,81,85.19
2026-09-28,Geo NO,Geo NO,0,4,0.0
2026-09-28,Geo NO,Imperatriz,20,26,76.92
2026-09-28,Geo NO,Natal,58,61,95.08
2026-09-28,Geo NO,São Luís,42,51,82.35
2026-09-28,Geo RJ/ES,CD RJ,64,66,96.97
2026-09-28,Geo RJ/ES,Campos dos Goytacazes,52,52,100.0
2026-09-28,Geo RJ/ES,Geo RJ/ES,0,13,0.0
2026-09-28,Geo RJ/ES,Jacarepaguá,39,62,62.9
2026-09-28,Geo RJ/ES,Niterói,54,59,91.53
2026-09-28,Geo RJ/ES,Nova Friburgo,27,27,100.0
2026-09-28,Geo RJ/ES,Nova Iguaçu,18,23,78.26
2026-09-28,Geo RJ/ES,Pavuna,36,38,94.74
2026-09-28,Geo RJ/ES,Petrópolis,25,27,92.59
2026-09-28,Geo RJ/ES,São Cristovão,38,40,95.0
2026-09-28,Geo RJ/ES,Vitória,54,56,96.43
2026-09-28,Geo RJ/ES,Volta Redonda,21,34,61.76
2026-09-28,Geo SP,Agudos,18,19,94.74
2026-09-28,Geo SP,Araraquara,26,27,96.3
2026-09-28,Geo SP,Araçatuba,25,29,86.21
2026-09-28,Geo SP,Barueri,55,58,94.83
2026-09-28,Geo SP,Campinas,66,71,92.96
2026-09-28,Geo SP,Capital,65,65,100.0
2026-09-28,Geo SP,Diadema,65,77,84.42
2026-09-28,Geo SP,Embu,49,52,94.23
2026-09-28,Geo SP,Geo SP,6,8,75.0
2026-09-28,Geo SP,Guarulhos,52,52,100.0
2026-09-28,Geo SP,Jaú,15,18,83.33
2026-09-28,Geo SP,Jundiaí,39,40,97.5
2026-09-28,Geo SP,Mauá,38,40,95.0
2026-09-28,Geo SP,Mogi Mirim,30,36,83.33
2026-09-28,Geo SP,Mooca - Office,50,51,98.04
2026-09-28,Geo SP,Norte,36,36,100.0
2026-09-28,Geo SP,Piracicaba,23,24,95.83
2026-09-28,Geo SP,Praia Grande,46,50,92.0
2026-09-28,Geo SP,Presidente Prudente,26,30,86.67
2026-09-28,Geo SP,Ribeirão Preto,41,42,97.62
2026-09-28,Geo SP,Suzano,40,40,100.0
2026-09-28,Geo SP,São José dos Campos,27,29,93.1
2026-09-28,Geo SP,Taubaté,18,18,100.0
2026-09-28,Geo SP,Votorantim,34,36,94.44
2026-09-28,Geo Sul,Blumenau,17,19,89.47
2026-09-28,Geo Sul,Camboriu,28,29,96.55
2026-09-28,Geo Sul,Cascavel,22,24,91.67
2026-09-28,Geo Sul,Caxias do Sul,14,15,93.33
2026-09-28,Geo Sul,Curitiba,82,88,93.18
2026-09-28,Geo Sul,Florianópolis,35,41,85.37
2026-09-28,Geo Sul,Foz do Iguaçu,19,20,95.0
2026-09-28,Geo Sul,Francisco Beltrão,23,25,92.0
2026-09-28,Geo Sul,Geo PR/SPI,0,5,0.0
2026-09-28,Geo Sul,Geo Sul,0,4,0.0
2026-09-28,Geo Sul,Gravataí,18,22,81.82
2026-09-28,Geo Sul,Joinville,31,31,100.0
2026-09-28,Geo Sul,Londrina,41,49,83.67
2026-09-28,Geo Sul,Paranaguá,16,16,100.0
2026-09-28,Geo Sul,Pelotas,29,30,96.67
2026-09-28,Geo Sul,Porto Alegre,47,57,82.46
2026-09-28,Geo Sul,Santa Cruz do Sul,23,24,95.83
2026-09-28,Geo Sul,Santa Maria,10,16,62.5
2026-09-28,Geo Sul,Sapucaia do Sul,32,43,74.42
2026-09-29,-,-,880,5304,16.59
2026-09-29,-,AS,477,2725,17.5
2026-09-29,Geo CO,Brasília,57,426,13.38
2026-09-29,Geo CO,Cuiabá,61,289,21.11
2026-09-29,Geo CO,Geo CO,0,5,0.0
2026-09-29,Geo CO,Geo CO DF,0,3,0.0
2026-09-29,Geo CO,Manaus,67,421,15.91
2026-09-29,Geo CO,Rondonópolis,16,87,18.39
2026-09-29,Geo MG,Alfenas,21,103,20.39
2026-09-29,Geo MG,Geo MG,4,12,33.33
2026-09-29,Geo MG,Ipatinga,25,192,13.02
2026-09-29,Geo MG,Minas,72,400,18.0
2026-09-29,Geo MG,Pouso Alegre,36,176,20.45
2026-09-29,Geo MG,Poços de Caldas,18,79,22.78
2026-09-29,Geo MG,Santa Luzia,105,571,18.39
2026-09-29,Geo MG,Sete Lagoas,19,94,20.21
2026-09-29,Geo MG,Uberaba,55,254,21.65
2026-09-29,Geo MG,Uberlândia,44,176,25.0
2026-09-29,Geo MG,Varginha,26,150,17.33
2026-09-29,Geo NE,Bahia,111,686,16.18
2026-09-29,Geo NE,Cabo,26,172,15.12
2026-09-29,Geo NE,Camaçari,33,156,21.15
2026-09-29,Geo NE,Campina Grande,31,117,26.5
2026-09-29,Geo NE,Caruarú,24,128,18.75
2026-09-29,Geo NE,Feira de Santana,88,444,19.82
2026-09-29,Geo NE,Geo NE,0,1,0.0
2026-09-29,Geo NE,Guanambi,17,117,14.53
2026-09-29,Geo NE,Ilhéus,34,238,14.29
2026-09-29,Geo NE,Lapa,12,92,13.04
2026-09-29,Geo NE,Maceió,39,190,20.53
2026-09-29,Geo NE,Nordeste,75,462,16.23
2026-09-29,Geo NE,Paraíba,31,154,20.13
2026-09-29,Geo NE,Sergipe,25,148,16.89
2026-09-29,Geo NE,Vitória da Conquista,28,174,16.09
2026-09-29,Geo NO,Belém,60,344,17.44
2026-09-29,Geo NO,Ceará,15,123,12.2
2026-09-29,Geo NO,Fortaleza,95,532,17.86
2026-09-29,Geo NO,Geo NO,0,18,0.0
2026-09-29,Geo NO,Imperatriz,22,135,16.3
2026-09-29,Geo NO,Natal,71,354,20.06
2026-09-29,Geo NO,São Luís,45,303,14.85
2026-09-29,Geo RJ/ES,CD RJ,85,382,22.25
2026-09-29,Geo RJ/ES,Campos dos Goytacazes,77,444,17.34
2026-09-29,Geo RJ/ES,Geo RJ/ES,0,10,0.0
2026-09-29,Geo RJ/ES,Jacarepaguá,55,328,16.77
2026-09-29,Geo RJ/ES,Niterói,71,305,23.28
2026-09-29,Geo RJ/ES,Nova Friburgo,29,191,15.18
2026-09-29,Geo RJ/ES,Nova Iguaçu,25,129,19.38
2026-09-29,Geo RJ/ES,Pavuna,47,222,21.17
2026-09-29,Geo RJ/ES,Petrópolis,37,179,20.67
2026-09-29,Geo RJ/ES,São Cristovão,45,263,17.11
2026-09-29,Geo RJ/ES,Vitória,75,351,21.37
2026-09-29,Geo RJ/ES,Volta Redonda,45,266,16.92
2026-09-29,Geo SP,Agudos,23,132,17.42
2026-09-29,Geo SP,Araraquara,30,173,17.34
2026-09-29,Geo SP,Araçatuba,29,213,13.62
2026-09-29,Geo SP,Barueri,57,308,18.51
2026-09-29,Geo SP,Campinas,86,371,23.18
2026-09-29,Geo SP,Capital,108,364,29.67
2026-09-29,Geo SP,Diadema,89,426,20.89
2026-09-29,Geo SP,Embu,59,369,15.99
2026-09-29,Geo SP,Geo SP,7,19,36.84
2026-09-29,Geo SP,Guarulhos,71,337,21.07
2026-09-29,Geo SP,Jaú,15,125,12.0
2026-09-29,Geo SP,Jundiaí,61,236,25.85
2026-09-29,Geo SP,Mauá,49,257,19.07
2026-09-29,Geo SP,Mogi Mirim,46,206,22.33
2026-09-29,Geo SP,Mooca - Office,66,307,21.5
2026-09-29,Geo SP,Norte,59,229,25.76
2026-09-29,Geo SP,Piracicaba,27,139,19.42
2026-09-29,Geo SP,Praia Grande,61,304,20.07
2026-09-29,Geo SP,Presidente Prudente,45,208,21.63
2026-09-29,Geo SP,Ribeirão Preto,57,319,17.87
2026-09-29,Geo SP,Suzano,61,327,18.65
2026-09-29,Geo SP,São José dos Campos,57,190,30.0
2026-09-29,Geo SP,Taubaté,25,75,33.33
2026-09-29,Geo SP,Votorantim,34,179,18.99
2026-09-29,Geo Sul,Blumenau,22,113,19.47
2026-09-29,Geo Sul,Camboriu,41,182,22.53
2026-09-29,Geo Sul,Cascavel,43,187,22.99
2026-09-29,Geo Sul,Caxias do Sul,19,96,19.79
2026-09-29,Geo Sul,Curitiba,107,511,20.94
2026-09-29,Geo Sul,Florianópolis,49,232,21.12
2026-09-29,Geo Sul,Foz do Iguaçu,32,145,22.07
2026-09-29,Geo Sul,Francisco Beltrão,29,154,18.83
2026-09-29,Geo Sul,Geo PR/SPI,0,1,0.0
2026-09-29,Geo Sul,Geo Sul,1,2,50.0
2026-09-29,Geo Sul,Gravataí,25,124,20.16
2026-09-29,Geo Sul,Joinville,42,193,21.76
2026-09-29,Geo Sul,Londrina,42,316,13.29
2026-09-29,Geo Sul,Paranaguá,21,106,19.81
2026-09-29,Geo Sul,Pelotas,33,191,17.28
2026-09-29,Geo Sul,Porto Alegre,68,335,20.3
2026-09-29,Geo Sul,Santa Cruz do Sul,38,146,26.03
2026-09-29,Geo Sul,Santa Maria,11,101,10.89
2026-09-29,Geo Sul,Sapucaia do Sul,37,273,13.55
2026-09-30,-,-,889,5314,16.73
2026-09-30,-,AS,502,2751,18.25
2026-09-30,Geo CO,Brasília,59,428,13.79
2026-09-30,Geo CO,Cuiabá,61,289,21.11
2026-09-30,Geo CO,Geo CO,0,5,0.0
2026-09-30,Geo CO,Geo CO DF,0,3,0.0
2026-09-30,Geo CO,Manaus,76,430,17.67
2026-09-30,Geo CO,Rondonópolis,16,87,18.39
2026-09-30,Geo MG,Alfenas,21,103,20.39
2026-09-30,Geo MG,Geo MG,4,12,33.33
2026-09-30,Geo MG,Ipatinga,26,193,13.47
2026-09-30,Geo MG,Minas,73,401,18.2
2026-09-30,Geo MG,Pouso Alegre,37,177,20.9
2026-09-30,Geo MG,Poços de Caldas,19,80,23.75
2026-09-30,Geo MG,Santa Luzia,113,579,19.52
2026-09-30,Geo MG,Sete Lagoas,20,95,21.05
2026-09-30,Geo MG,Uberaba,56,255,21.96
2026-09-30,Geo MG,Uberlândia,44,177,24.86
2026-09-30,Geo MG,Varginha,26,150,17.33
2026-09-30,Geo NE,Bahia,115,691,16.64
2026-09-30,Geo NE,Cabo,28,174,16.09
2026-09-30,Geo NE,Camaçari,33,156,21.15
2026-09-30,Geo NE,Campina Grande,33,119,27.73
2026-09-30,Geo NE,Caruarú,26,131,19.85
2026-09-30,Geo NE,Feira de Santana,89,445,20.0
2026-09-30,Geo NE,Geo NE,0,1,0.0
2026-09-30,Geo NE,Guanambi,21,121,17.36
2026-09-30,Geo NE,Ilhéus,34,238,14.29
2026-09-30,Geo NE,Lapa,15,95,15.79
2026-09-30,Geo NE,Maceió,45,196,22.96
2026-09-30,Geo NE,Nordeste,76,465,16.34
2026-09-30,Geo NE,Paraíba,33,156,21.15
2026-09-30,Geo NE,Sergipe,27,150,18.0
2026-09-30,Geo NE,Vitória da Conquista,28,174,16.09
2026-09-30,Geo NO,Belém,63,347,18.16
2026-09-30,Geo NO,Ceará,17,125,13.6
2026-09-30,Geo NO,Fortaleza,102,539,18.92
2026-09-30,Geo NO,Geo NO,0,18,0.0
2026-09-30,Geo NO,Imperatriz,22,135,16.3
2026-09-30,Geo NO,Natal,74,357,20.73
2026-09-30,Geo NO,São Luís,45,303,14.85
2026-09-30,Geo RJ/ES,CD RJ,88,385,22.86
2026-09-30,Geo RJ/ES,Campos dos Goytacazes,80,447,17.9
2026-09-30,Geo RJ/ES,Geo RJ/ES,0,10,0.0
2026-09-30,Geo RJ/ES,Jacarepaguá,75,348,21.55
2026-09-30,Geo RJ/ES,Niterói,73,307,23.78
2026-09-30,Geo RJ/ES,Nova Friburgo,39,201,19.4
2026-09-30,Geo RJ/ES,Nova Iguaçu,25,129,19.38
2026-09-30,Geo RJ/ES,Pavuna,47,222,21.17
2026-09-30,Geo RJ/ES,Petrópolis,49,193,25.39
2026-09-30,Geo RJ/ES,São Cristovão,45,263,17.11
2026-09-30,Geo RJ/ES,Vitória,75,352,21.31
2026-09-30,Geo RJ/ES,Volta Redonda,59,280,21.07
2026-09-30,Geo SP,Agudos,23,132,17.42
2026-09-30,Geo SP,Araraquara,30,173,17.34
2026-09-30,Geo SP,Araçatuba,29,213,13.62
2026-09-30,Geo SP,Barueri,57,309,18.45
2026-09-30,Geo SP,Campinas,92,377,24.4
2026-09-30,Geo SP,Capital,108,364,29.67
2026-09-30,Geo SP,Diadema,98,435,22.53
2026-09-30,Geo SP,Embu,59,369,15.99
2026-09-30,Geo SP,Geo SP,8,20,40.0
2026-09-30,Geo SP,Guarulhos,71,337,21.07
2026-09-30,Geo SP,Jaú,15,125,12.0
2026-09-30,Geo SP,Jundiaí,64,239,26.78
2026-09-30,Geo SP,Mauá,49,259,18.92
2026-09-30,Geo SP,Mogi Mirim,57,217,26.27
2026-09-30,Geo SP,Mooca - Office,66,307,21.5
2026-09-30,Geo SP,Norte,60,230,26.09
2026-09-30,Geo SP,Piracicaba,28,140,20.0
2026-09-30,Geo SP,Praia Grande,66,309,21.36
2026-09-30,Geo SP,Presidente Prudente,45,208,21.63
2026-09-30,Geo SP,Ribeirão Preto,57,319,17.87
2026-09-30,Geo SP,Suzano,62,329,18.84
2026-09-30,Geo SP,São José dos Campos,63,196,32.14
2026-09-30,Geo SP,Taubaté,25,75,33.33
2026-09-30,Geo SP,Votorantim,41,186,22.04
2026-09-30,Geo Sul,Blumenau,30,121,24.79
2026-09-30,Geo Sul,Camboriu,51,192,26.56
2026-09-30,Geo Sul,Cascavel,43,187,22.99
2026-09-30,Geo Sul,Caxias do Sul,19,96,19.79
2026-09-30,Geo Sul,Curitiba,113,517,21.86
2026-09-30,Geo Sul,Florianópolis,51,234,21.79
2026-09-30,Geo Sul,Foz do Iguaçu,33,146,22.6
2026-09-30,Geo Sul,Francisco Beltrão,34,159,21.38
2026-09-30,Geo Sul,Geo PR/SPI,1,2,50.0
2026-09-30,Geo Sul,Geo Sul,1,2,50.0
2026-09-30,Geo Sul,Gravataí,26,125,20.8
2026-09-30,Geo Sul,Joinville,46,197,23.35
2026-09-30,Geo Sul,Londrina,51,326,15.64
2026-09-30,Geo Sul,Paranaguá,25,112,22.32
2026-09-30,Geo Sul,Pelotas,33,191,17.28
2026-09-30,Geo Sul,Porto Alegre,70,338,20.71
2026-09-30,Geo Sul,Santa Cruz do Sul,39,147,26.53
2026-09-30,Geo Sul,Santa Maria,11,101,10.89
2026-09-30,Geo Sul,Sapucaia do Sul,41,277,14.8
